{"atlas":{"type":"mtsdf","distanceRange":10,"distanceRangeMiddle":0,"size":64,"width":452,"height":452,"yOrigin":"bottom"},"metrics":{"emSize":1,"lineHeight":1.4296875,"ascender":1,"descender":-0.4296875,"underlineY":0,"underlineThickness":0},"glyphs":[{"unicode":33,"advance":0},{"unicode":35,"advance":1,"planeBounds":{"left":0.015625,"bottom":-0.0859375,"right":0.984375,"top":1.0859375},"atlasBounds":{"left":321.5,"bottom":72.5,"right":383.5,"top":147.5}},{"unicode":36,"advance":1.044921875,"planeBounds":{"left":-0.056640625,"bottom":-0.0703125,"right":1.099609375,"top":1.1015625},"atlasBounds":{"left":0.5,"bottom":298.5,"right":74.5,"top":373.5}},{"unicode":64,"advance":1.357421875,"planeBounds":{"left":-0.064453125,"bottom":-0.0703125,"right":1.419921875,"top":1.1328125},"atlasBounds":{"left":0.5,"bottom":374.5,"right":95.5,"top":451.5}},{"unicode":65,"advance":1,"planeBounds":{"left":-0.08154296875,"bottom":-0.0859375,"right":1.07470703125,"top":0.9609375},"atlasBounds":{"left":0.5,"bottom":100.5,"right":74.5,"top":167.5}},{"unicode":66,"advance":1,"planeBounds":{"left":-0.078125,"bottom":-0.0546875,"right":1.078125,"top":1.0546875},"atlasBounds":{"left":96.5,"bottom":380.5,"right":170.5,"top":451.5}},{"unicode":67,"advance":1,"planeBounds":{"left":-0.078125,"bottom":0.0859375,"right":1.078125,"top":0.9140625},"atlasBounds":{"left":96.5,"bottom":326.5,"right":170.5,"top":379.5}},{"unicode":68,"advance":1,"planeBounds":{"left":-0.046874915095654154,"bottom":-0.0859375,"right":1.0468750849043458,"top":1.0859375},"atlasBounds":{"left":246.5,"bottom":3.5,"right":316.5,"top":78.5}},{"unicode":69,"advance":1,"planeBounds":{"left":-0.015625,"bottom":-0.0859375,"right":1.015625,"top":1.0859375},"atlasBounds":{"left":321.5,"bottom":224.5,"right":387.5,"top":299.5}},{"unicode":70,"advance":1,"planeBounds":{"left":-0.078125,"bottom":-0.0859375,"right":1.078125,"top":1.0859375},"atlasBounds":{"left":171.5,"bottom":160.5,"right":245.5,"top":235.5}},{"unicode":71,"advance":1,"planeBounds":{"left":-0.078125,"bottom":-0.0859375,"right":1.078125,"top":1.0859375},"atlasBounds":{"left":246.5,"bottom":224.5,"right":320.5,"top":299.5}},{"unicode":72,"advance":1,"planeBounds":{"left":-0.078125,"bottom":-0.0859375,"right":1.078125,"top":1.0859375},"atlasBounds":{"left":246.5,"bottom":300.5,"right":320.5,"top":375.5}},{"unicode":73,"advance":1,"planeBounds":{"left":-0.078125,"bottom":-0.0859375,"right":1.078125,"top":1.0859375},"atlasBounds":{"left":246.5,"bottom":376.5,"right":320.5,"top":451.5}},{"unicode":74,"advance":1,"planeBounds":{"left":-0.078125,"bottom":0.1015625,"right":1.078125,"top":0.8984375},"atlasBounds":{"left":171.5,"bottom":56.5,"right":245.5,"top":107.5}},{"unicode":75,"advance":1,"planeBounds":{"left":-0.078125,"bottom":0.1015625,"right":1.078125,"top":0.8984375},"atlasBounds":{"left":171.5,"bottom":108.5,"right":245.5,"top":159.5}},{"unicode":76,"advance":1,"planeBounds":{"left":-0.046677780076743072,"bottom":-0.0859375,"right":1.0470722199232569,"top":1.0859375},"atlasBounds":{"left":321.5,"bottom":376.5,"right":391.5,"top":451.5}},{"unicode":77,"advance":1,"planeBounds":{"left":-0.078125,"bottom":-0.0859375,"right":1.078125,"top":1.0859375},"atlasBounds":{"left":171.5,"bottom":236.5,"right":245.5,"top":311.5}},{"unicode":78,"advance":1,"planeBounds":{"left":-0.078125,"bottom":-0.0859375,"right":1.078125,"top":1.0859375},"atlasBounds":{"left":171.5,"bottom":312.5,"right":245.5,"top":387.5}},{"unicode":79,"advance":1,"planeBounds":{"left":-0.077636718749999958,"bottom":0.0078125,"right":1.07861328125,"top":0.9921875},"atlasBounds":{"left":171.5,"bottom":388.5,"right":245.5,"top":451.5}},{"unicode":80,"advance":1,"planeBounds":{"left":-0.077522914929198217,"bottom":0.0390625,"right":1.0787270850708017,"top":0.9609375},"atlasBounds":{"left":96.5,"bottom":50.5,"right":170.5,"top":109.5}},{"unicode":81,"advance":1,"planeBounds":{"left":-0.078125,"bottom":0.0078125,"right":1.078125,"top":0.9921875},"atlasBounds":{"left":96.5,"bottom":110.5,"right":170.5,"top":173.5}},{"unicode":82,"advance":1,"planeBounds":{"left":-0.077754607591286454,"bottom":-0.0859375,"right":1.0784953924087135,"top":1.0859375},"atlasBounds":{"left":96.5,"bottom":174.5,"right":170.5,"top":249.5}},{"unicode":83,"advance":1,"planeBounds":{"left":-0.078125,"bottom":-0.0859375,"right":1.078125,"top":1.0859375},"atlasBounds":{"left":96.5,"bottom":250.5,"right":170.5,"top":325.5}},{"unicode":84,"advance":1,"planeBounds":{"left":-0.0537109375,"bottom":-0.0703125,"right":1.0556640625,"top":1.0546875},"atlasBounds":{"left":246.5,"bottom":79.5,"right":317.5,"top":151.5}},{"unicode":85,"advance":1,"planeBounds":{"left":-0.0556640625,"bottom":-0.0546875,"right":1.0537109375,"top":1.0546875},"atlasBounds":{"left":246.5,"bottom":152.5,"right":317.5,"top":223.5}},{"unicode":86,"advance":1,"planeBounds":{"left":-0.078125,"bottom":-0.0859375,"right":1.078125,"top":1.0859375},"atlasBounds":{"left":0.5,"bottom":24.5,"right":74.5,"top":99.5}},{"unicode":87,"advance":1,"planeBounds":{"left":-0.01513671875,"bottom":-0.0859375,"right":1.01611328125,"top":1.0859375},"atlasBounds":{"left":321.5,"bottom":300.5,"right":387.5,"top":375.5}},{"unicode":88,"advance":1,"planeBounds":{"left":-0.07861328125,"bottom":-0.0234375,"right":1.07763671875,"top":1.0234375},"atlasBounds":{"left":0.5,"bottom":168.5,"right":74.5,"top":235.5}},{"unicode":89,"advance":1,"planeBounds":{"left":-0.078125,"bottom":0.0234375,"right":1.078125,"top":0.9765625},"atlasBounds":{"left":0.5,"bottom":236.5,"right":74.5,"top":297.5}},{"unicode":90,"advance":1,"planeBounds":{"left":-0.015625,"bottom":-0.0859375,"right":1.015625,"top":1.0859375},"atlasBounds":{"left":321.5,"bottom":148.5,"right":387.5,"top":223.5}},{"unicode":97,"advance":0}],"kerning":[]}
