{"atlas":{"type":"mtsdf","distanceRange":10,"size":64,"width":628,"height":628,"yOrigin":"bottom"},"metrics":{"emSize":1,"lineHeight":1.193359375,"ascender":0.9521484375,"descender":-0.2412109375,"underlineY":-0.2392578125,"underlineThickness":0.05859375},"glyphs":[{"unicode":32,"advance":0.2822265625},{"unicode":33,"advance":0.31103515625,"planeBounds":{"left":0.007080078125,"bottom":-0.08935546875,"right":0.303955078125,"top":0.78564453125},"atlasBounds":{"left":604.5,"bottom":500.5,"right":623.5,"top":556.5}},{"unicode":34,"advance":0.43701171875,"planeBounds":{"left":0.007568359375,"bottom":0.362060546875,"right":0.429443359375,"top":0.783935546875},"atlasBounds":{"left":413.5,"bottom":0.5,"right":440.5,"top":27.5}},{"unicode":35,"advance":0.6328125,"planeBounds":{"left":-0.062744140625,"bottom":-0.085205078125,"right":0.702880859375,"top":0.789794921875},"atlasBounds":{"left":130.5,"bottom":276.5,"right":179.5,"top":332.5}},{"unicode":36,"advance":0.6484375,"planeBounds":{"left":-0.01171875,"bottom":-0.150634765625,"right":0.66015625,"top":0.864990234375},"atlasBounds":{"left":0.5,"bottom":0.5,"right":43.5,"top":65.5}},{"unicode":37,"advance":0.7861328125,"planeBounds":{"left":-0.04443359375,"bottom":-0.093017578125,"right":0.83056640625,"top":0.797607421875},"atlasBounds":{"left":0.5,"bottom":112.5,"right":56.5,"top":169.5}},{"unicode":38,"advance":0.71142578125,"planeBounds":{"left":-0.029296875,"bottom":-0.09130859375,"right":0.783203125,"top":0.79931640625},"atlasBounds":{"left":73.5,"bottom":186.5,"right":125.5,"top":243.5}},{"unicode":40,"advance":0.3818359375,"planeBounds":{"left":0.03564453125,"bottom":-0.230712890625,"right":0.41064453125,"top":0.816162109375},"atlasBounds":{"left":183.5,"bottom":1.5,"right":207.5,"top":68.5}},{"unicode":41,"advance":0.3818359375,"planeBounds":{"left":-0.02880859375,"bottom":-0.230712890625,"right":0.34619140625,"top":0.816162109375},"atlasBounds":{"left":573.5,"bottom":208.5,"right":597.5,"top":275.5}},{"unicode":42,"advance":0.50390625,"planeBounds":{"left":-0.005859375,"bottom":0.253662109375,"right":0.509765625,"top":0.784912109375},"atlasBounds":{"left":535.5,"bottom":206.5,"right":568.5,"top":240.5}},{"unicode":43,"advance":0.6484375,"planeBounds":{"left":-0.00390625,"bottom":-0.044921875,"right":0.65234375,"top":0.611328125},"atlasBounds":{"left":326.5,"bottom":226.5,"right":368.5,"top":268.5}},{"unicode":44,"advance":0.296875,"planeBounds":{"left":-0.00927734375,"bottom":-0.259033203125,"right":0.28759765625,"top":0.178466796875},"atlasBounds":{"left":254.5,"bottom":27.5,"right":273.5,"top":55.5}},{"unicode":45,"advance":0.4716796875,"planeBounds":{"left":-0.00634765625,"bottom":0.158447265625,"right":0.47802734375,"top":0.408447265625},"atlasBounds":{"left":455.5,"bottom":0.5,"right":486.5,"top":16.5}},{"unicode":46,"advance":0.296875,"planeBounds":{"left":0,"bottom":-0.08984375,"right":0.296875,"top":0.20703125},"atlasBounds":{"left":254.5,"bottom":7.5,"right":273.5,"top":26.5}},{"unicode":47,"advance":0.3330078125,"planeBounds":{"left":-0.08349609375,"bottom":-0.230712890625,"right":0.41650390625,"top":0.816162109375},"atlasBounds":{"left":535.5,"bottom":25.5,"right":567.5,"top":92.5}},{"unicode":48,"advance":0.6298828125,"planeBounds":{"left":-0.01318359375,"bottom":-0.100830078125,"right":0.64306640625,"top":0.805419921875},"atlasBounds":{"left":326.5,"bottom":110.5,"right":368.5,"top":168.5}},{"unicode":49,"advance":0.46630859375,"planeBounds":{"left":-0.021240234375,"bottom":-0.085205078125,"right":0.416259765625,"top":0.789794921875},"atlasBounds":{"left":573.5,"bottom":322.5,"right":601.5,"top":378.5}},{"unicode":50,"advance":0.60400390625,"planeBounds":{"left":-0.008056640625,"bottom":-0.084716796875,"right":0.616943359375,"top":0.805908203125},"atlasBounds":{"left":413.5,"bottom":281.5,"right":453.5,"top":338.5}},{"unicode":51,"advance":0.626953125,"planeBounds":{"left":-0.01171875,"bottom":-0.100830078125,"right":0.64453125,"top":0.805419921875},"atlasBounds":{"left":326.5,"bottom":51.5,"right":368.5,"top":109.5}},{"unicode":52,"advance":0.6435546875,"planeBounds":{"left":-0.02197265625,"bottom":-0.085205078125,"right":0.66552734375,"top":0.789794921875},"atlasBounds":{"left":280.5,"bottom":400.5,"right":324.5,"top":456.5}},{"unicode":53,"advance":0.61865234375,"planeBounds":{"left":-0.004638671875,"bottom":-0.101318359375,"right":0.635986328125,"top":0.789306640625},"atlasBounds":{"left":370.5,"bottom":249.5,"right":411.5,"top":306.5}},{"unicode":54,"advance":0.63720703125,"planeBounds":{"left":-0.017333984375,"bottom":-0.1005859375,"right":0.654541015625,"top":0.8056640625},"atlasBounds":{"left":280.5,"bottom":10.5,"right":323.5,"top":68.5}},{"unicode":55,"advance":0.56982421875,"planeBounds":{"left":-0.031982421875,"bottom":-0.085205078125,"right":0.593017578125,"top":0.789794921875},"atlasBounds":{"left":413.5,"bottom":224.5,"right":453.5,"top":280.5}},{"unicode":56,"advance":0.638671875,"planeBounds":{"left":-0.0166015625,"bottom":-0.100830078125,"right":0.6552734375,"top":0.805419921875},"atlasBounds":{"left":326.5,"bottom":569.5,"right":369.5,"top":627.5}},{"unicode":57,"advance":0.63720703125,"planeBounds":{"left":-0.017333984375,"bottom":-0.1005859375,"right":0.654541015625,"top":0.8056640625},"atlasBounds":{"left":326.5,"bottom":510.5,"right":369.5,"top":568.5}},{"unicode":58,"advance":0.296875,"planeBounds":{"left":0,"bottom":-0.089599609375,"right":0.296875,"top":0.582275390625},"atlasBounds":{"left":604.5,"bottom":456.5,"right":623.5,"top":499.5}},{"unicode":59,"advance":0.296875,"planeBounds":{"left":-0.021728515625,"bottom":-0.2626953125,"right":0.290771484375,"top":0.5810546875},"atlasBounds":{"left":233.5,"bottom":1.5,"right":253.5,"top":55.5}},{"unicode":60,"advance":0.6484375,"planeBounds":{"left":0.02734375,"bottom":-0.07568359375,"right":0.62109375,"top":0.65869140625},"atlasBounds":{"left":496.5,"bottom":248.5,"right":534.5,"top":295.5}},{"unicode":61,"advance":0.6484375,"planeBounds":{"left":-0.00390625,"bottom":0.072509765625,"right":0.65234375,"top":0.494384765625},"atlasBounds":{"left":326.5,"bottom":23.5,"right":368.5,"top":50.5}},{"unicode":62,"advance":0.6484375,"planeBounds":{"left":0.02734375,"bottom":-0.07568359375,"right":0.62109375,"top":0.65869140625},"atlasBounds":{"left":496.5,"bottom":109.5,"right":534.5,"top":156.5}},{"unicode":63,"advance":0.5126953125,"planeBounds":{"left":-0.0400390625,"bottom":-0.0869140625,"right":0.5380859375,"top":0.7880859375},"atlasBounds":{"left":496.5,"bottom":7.5,"right":533.5,"top":63.5}},{"unicode":64,"advance":0.91796875,"planeBounds":{"left":-0.00927734375,"bottom":-0.198974609375,"right":0.94384765625,"top":0.785400390625},"atlasBounds":{"left":0.5,"bottom":326.5,"right":61.5,"top":389.5}},{"unicode":65,"advance":0.673828125,"planeBounds":{"left":-0.0458984375,"bottom":-0.085205078125,"right":0.7197265625,"top":0.789794921875},"atlasBounds":{"left":130.5,"bottom":219.5,"right":179.5,"top":275.5}},{"unicode":66,"advance":0.6572265625,"planeBounds":{"left":0.0107421875,"bottom":-0.085205078125,"right":0.6826171875,"top":0.789794921875},"atlasBounds":{"left":326.5,"bottom":453.5,"right":369.5,"top":509.5}},{"unicode":67,"advance":0.7158203125,"planeBounds":{"left":-0.0224609375,"bottom":-0.100830078125,"right":0.7431640625,"top":0.805419921875},"atlasBounds":{"left":130.5,"bottom":160.5,"right":179.5,"top":218.5}},{"unicode":68,"advance":0.72607421875,"planeBounds":{"left":0.009765625,"bottom":-0.085205078125,"right":0.744140625,"top":0.789794921875},"atlasBounds":{"left":183.5,"bottom":126.5,"right":230.5,"top":182.5}},{"unicode":69,"advance":0.595703125,"planeBounds":{"left":0.01123046875,"bottom":-0.085205078125,"right":0.60498046875,"top":0.789794921875},"atlasBounds":{"left":496.5,"bottom":364.5,"right":534.5,"top":420.5}},{"unicode":70,"advance":0.572265625,"planeBounds":{"left":0.0068359375,"bottom":-0.085205078125,"right":0.6005859375,"top":0.789794921875},"atlasBounds":{"left":496.5,"bottom":421.5,"right":534.5,"top":477.5}},{"unicode":71,"advance":0.74658203125,"planeBounds":{"left":-0.018798828125,"bottom":-0.100830078125,"right":0.762451171875,"top":0.805419921875},"atlasBounds":{"left":130.5,"bottom":401.5,"right":180.5,"top":459.5}},{"unicode":72,"advance":0.7421875,"planeBounds":{"left":0.01171875,"bottom":-0.085205078125,"right":0.73046875,"top":0.789794921875},"atlasBounds":{"left":233.5,"bottom":571.5,"right":279.5,"top":627.5}},{"unicode":73,"advance":0.267578125,"planeBounds":{"left":0.0087890625,"bottom":-0.085205078125,"right":0.2587890625,"top":0.789794921875},"atlasBounds":{"left":604.5,"bottom":280.5,"right":620.5,"top":336.5}},{"unicode":74,"advance":0.5380859375,"planeBounds":{"left":-0.0361328125,"bottom":-0.101318359375,"right":0.5263671875,"top":0.789306640625},"atlasBounds":{"left":535.5,"bottom":376.5,"right":571.5,"top":433.5}},{"unicode":75,"advance":0.65869140625,"planeBounds":{"left":0.008544921875,"bottom":-0.085205078125,"right":0.711669921875,"top":0.789794921875},"atlasBounds":{"left":233.5,"bottom":56.5,"right":278.5,"top":112.5}},{"unicode":76,"advance":0.56787109375,"planeBounds":{"left":0.0068359375,"bottom":-0.085205078125,"right":0.6005859375,"top":0.789794921875},"atlasBounds":{"left":455.5,"bottom":62.5,"right":493.5,"top":118.5}},{"unicode":77,"advance":0.8740234375,"planeBounds":{"left":0.00732421875,"bottom":-0.085205078125,"right":0.86669921875,"top":0.789794921875},"atlasBounds":{"left":73.5,"bottom":468.5,"right":128.5,"top":524.5}},{"unicode":78,"advance":0.7421875,"planeBounds":{"left":0.01171875,"bottom":-0.085205078125,"right":0.73046875,"top":0.789794921875},"atlasBounds":{"left":233.5,"bottom":514.5,"right":279.5,"top":570.5}},{"unicode":79,"advance":0.77099609375,"planeBounds":{"left":-0.020751953125,"bottom":-0.100830078125,"right":0.791748046875,"top":0.805419921875},"atlasBounds":{"left":73.5,"bottom":127.5,"right":125.5,"top":185.5}},{"unicode":80,"advance":0.63525390625,"planeBounds":{"left":0.007568359375,"bottom":-0.085205078125,"right":0.663818359375,"top":0.789794921875},"atlasBounds":{"left":370.5,"bottom":571.5,"right":412.5,"top":627.5}},{"unicode":81,"advance":0.77099609375,"planeBounds":{"left":-0.020751953125,"bottom":-0.16357421875,"right":0.791748046875,"top":0.80517578125},"atlasBounds":{"left":73.5,"bottom":64.5,"right":125.5,"top":126.5}},{"unicode":82,"advance":0.6533203125,"planeBounds":{"left":0.011474609375,"bottom":-0.085205078125,"right":0.683349609375,"top":0.789794921875},"atlasBounds":{"left":326.5,"bottom":396.5,"right":369.5,"top":452.5}},{"unicode":83,"advance":0.63720703125,"planeBounds":{"left":-0.025146484375,"bottom":-0.100830078125,"right":0.662353515625,"top":0.805419921875},"atlasBounds":{"left":280.5,"bottom":341.5,"right":324.5,"top":399.5}},{"unicode":84,"advance":0.6337890625,"planeBounds":{"left":-0.03466796875,"bottom":-0.085205078125,"right":0.66845703125,"top":0.789794921875},"atlasBounds":{"left":280.5,"bottom":457.5,"right":325.5,"top":513.5}},{"unicode":85,"advance":0.744140625,"planeBounds":{"left":0.0126953125,"bottom":-0.101318359375,"right":0.7314453125,"top":0.789306640625},"atlasBounds":{"left":233.5,"bottom":456.5,"right":279.5,"top":513.5}},{"unicode":86,"advance":0.673828125,"planeBounds":{"left":-0.0458984375,"bottom":-0.085205078125,"right":0.7197265625,"top":0.789794921875},"atlasBounds":{"left":130.5,"bottom":103.5,"right":179.5,"top":159.5}},{"unicode":87,"advance":0.9677734375,"planeBounds":{"left":-0.03955078125,"bottom":-0.085205078125,"right":1.00732421875,"top":0.789794921875},"atlasBounds":{"left":0.5,"bottom":514.5,"right":67.5,"top":570.5}},{"unicode":88,"advance":0.6787109375,"planeBounds":{"left":-0.03564453125,"bottom":-0.085205078125,"right":0.71435546875,"top":0.789794921875},"atlasBounds":{"left":183.5,"bottom":408.5,"right":231.5,"top":464.5}},{"unicode":89,"advance":0.65625,"planeBounds":{"left":-0.046875,"bottom":-0.085205078125,"right":0.703125,"top":0.789794921875},"atlasBounds":{"left":183.5,"bottom":351.5,"right":231.5,"top":407.5}},{"unicode":90,"advance":0.66162109375,"planeBounds":{"left":-0.012939453125,"bottom":-0.085205078125,"right":0.674560546875,"top":0.789794921875},"atlasBounds":{"left":280.5,"bottom":227.5,"right":324.5,"top":283.5}},{"unicode":91,"advance":0.3818359375,"planeBounds":{"left":0.04931640625,"bottom":-0.230712890625,"right":0.42431640625,"top":0.816162109375},"atlasBounds":{"left":573.5,"bottom":72.5,"right":597.5,"top":139.5}},{"unicode":92,"advance":0.3330078125,"planeBounds":{"left":-0.08349609375,"bottom":-0.230712890625,"right":0.41650390625,"top":0.816162109375},"atlasBounds":{"left":535.5,"bottom":93.5,"right":567.5,"top":160.5}},{"unicode":93,"advance":0.3818359375,"planeBounds":{"left":-0.04248046875,"bottom":-0.230712890625,"right":0.33251953125,"top":0.816162109375},"atlasBounds":{"left":573.5,"bottom":140.5,"right":597.5,"top":207.5}},{"unicode":94,"advance":0.48046875,"planeBounds":{"left":-0.033203125,"bottom":0.302490234375,"right":0.513671875,"top":0.771240234375},"atlasBounds":{"left":370.5,"bottom":0.5,"right":405.5,"top":30.5}},{"unicode":95,"advance":0.447265625,"planeBounds":{"left":-0.0888671875,"bottom":-0.19287109375,"right":0.5361328125,"top":0.02587890625},"atlasBounds":{"left":455.5,"bottom":523.5,"right":495.5,"top":537.5}},{"unicode":96,"advance":0.53369140625,"planeBounds":{"left":0.0712890625,"bottom":0.53515625,"right":0.4619140625,"top":0.86328125},"atlasBounds":{"left":326.5,"bottom":1.5,"right":351.5,"top":22.5}},{"unicode":97,"advance":0.5517578125,"planeBounds":{"left":-0.03515625,"bottom":-0.08837890625,"right":0.55859375,"top":0.61474609375},"atlasBounds":{"left":496.5,"bottom":202.5,"right":534.5,"top":247.5}},{"unicode":98,"advance":0.6142578125,"planeBounds":{"left":0.00244140625,"bottom":-0.090087890625,"right":0.64306640625,"top":0.816162109375},"atlasBounds":{"left":413.5,"bottom":510.5,"right":454.5,"top":568.5}},{"unicode":99,"advance":0.5595703125,"planeBounds":{"left":-0.02880859375,"bottom":-0.08837890625,"right":0.59619140625,"top":0.61474609375},"atlasBounds":{"left":413.5,"bottom":28.5,"right":453.5,"top":73.5}},{"unicode":100,"advance":0.6142578125,"planeBounds":{"left":-0.02880859375,"bottom":-0.090087890625,"right":0.61181640625,"top":0.816162109375},"atlasBounds":{"left":413.5,"bottom":569.5,"right":454.5,"top":627.5}},{"unicode":101,"advance":0.5712890625,"planeBounds":{"left":-0.02685546875,"bottom":-0.08837890625,"right":0.59814453125,"top":0.61474609375},"atlasBounds":{"left":413.5,"bottom":178.5,"right":453.5,"top":223.5}},{"unicode":102,"advance":0.36181640625,"planeBounds":{"left":-0.05126953125,"bottom":-0.0830078125,"right":0.40185546875,"top":0.8232421875},"atlasBounds":{"left":573.5,"bottom":433.5,"right":602.5,"top":491.5}},{"unicode":103,"advance":0.609375,"planeBounds":{"left":-0.02880859375,"bottom":-0.286376953125,"right":0.61181640625,"top":0.619873046875},"atlasBounds":{"left":370.5,"bottom":145.5,"right":411.5,"top":203.5}},{"unicode":104,"advance":0.59375,"planeBounds":{"left":0.0048828125,"bottom":-0.08544921875,"right":0.5986328125,"top":0.82080078125},"atlasBounds":{"left":496.5,"bottom":478.5,"right":534.5,"top":536.5}},{"unicode":105,"advance":0.24609375,"planeBounds":{"left":-0.017578125,"bottom":-0.085693359375,"right":0.263671875,"top":0.836181640625},"atlasBounds":{"left":604.5,"bottom":396.5,"right":622.5,"top":455.5}},{"unicode":106,"advance":0.24609375,"planeBounds":{"left":-0.09423828125,"bottom":-0.261962890625,"right":0.26513671875,"top":0.831787109375},"atlasBounds":{"left":604.5,"bottom":557.5,"right":627.5,"top":627.5}},{"unicode":107,"advance":0.54296875,"planeBounds":{"left":-0.00146484375,"bottom":-0.08544921875,"right":0.60791015625,"top":0.82080078125},"atlasBounds":{"left":455.5,"bottom":313.5,"right":494.5,"top":371.5}},{"unicode":108,"advance":0.251953125,"planeBounds":{"left":0.0009765625,"bottom":-0.08544921875,"right":0.2509765625,"top":0.82080078125},"atlasBounds":{"left":604.5,"bottom":337.5,"right":620.5,"top":395.5}},{"unicode":109,"advance":0.8701171875,"planeBounds":{"left":0,"bottom":-0.083740234375,"right":0.875,"top":0.619384765625},"atlasBounds":{"left":0.5,"bottom":66.5,"right":56.5,"top":111.5}},{"unicode":110,"advance":0.58349609375,"planeBounds":{"left":-0.002685546875,"bottom":-0.083740234375,"right":0.591064453125,"top":0.619384765625},"atlasBounds":{"left":455.5,"bottom":119.5,"right":493.5,"top":164.5}},{"unicode":111,"advance":0.5908203125,"planeBounds":{"left":-0.03271484375,"bottom":-0.08837890625,"right":0.62353515625,"top":0.61474609375},"atlasBounds":{"left":370.5,"bottom":409.5,"right":412.5,"top":454.5}},{"unicode":112,"advance":0.609375,"planeBounds":{"left":-0.00244140625,"bottom":-0.257568359375,"right":0.63818359375,"top":0.617431640625},"atlasBounds":{"left":370.5,"bottom":88.5,"right":411.5,"top":144.5}},{"unicode":113,"advance":0.609375,"planeBounds":{"left":-0.02880859375,"bottom":-0.257568359375,"right":0.61181640625,"top":0.617431640625},"atlasBounds":{"left":370.5,"bottom":307.5,"right":411.5,"top":363.5}},{"unicode":114,"advance":0.380859375,"planeBounds":{"left":-0.001708984375,"bottom":-0.083740234375,"right":0.435791015625,"top":0.619384765625},"atlasBounds":{"left":573.5,"bottom":276.5,"right":601.5,"top":321.5}},{"unicode":115,"advance":0.5234375,"planeBounds":{"left":-0.02734375,"bottom":-0.08837890625,"right":0.55078125,"top":0.61474609375},"atlasBounds":{"left":535.5,"bottom":491.5,"right":572.5,"top":536.5}},{"unicode":116,"advance":0.36328125,"planeBounds":{"left":-0.05419921875,"bottom":-0.084716796875,"right":0.39892578125,"top":0.743408203125},"atlasBounds":{"left":573.5,"bottom":379.5,"right":602.5,"top":432.5}},{"unicode":117,"advance":0.583984375,"planeBounds":{"left":-0.00732421875,"bottom":-0.093017578125,"right":0.58642578125,"top":0.610107421875},"atlasBounds":{"left":496.5,"bottom":582.5,"right":534.5,"top":627.5}},{"unicode":118,"advance":0.5419921875,"planeBounds":{"left":-0.04931640625,"bottom":-0.08056640625,"right":0.59130859375,"top":0.60693359375},"atlasBounds":{"left":370.5,"bottom":364.5,"right":411.5,"top":408.5}},{"unicode":119,"advance":0.7744140625,"planeBounds":{"left":-0.05029296875,"bottom":-0.08056640625,"right":0.82470703125,"top":0.60693359375},"atlasBounds":{"left":73.5,"bottom":583.5,"right":129.5,"top":627.5}},{"unicode":120,"advance":0.525390625,"planeBounds":{"left":-0.0498046875,"bottom":-0.08056640625,"right":0.5751953125,"top":0.60693359375},"atlasBounds":{"left":455.5,"bottom":583.5,"right":495.5,"top":627.5}},{"unicode":121,"advance":0.54296875,"planeBounds":{"left":-0.048828125,"bottom":-0.26953125,"right":0.591796875,"top":0.60546875},"atlasBounds":{"left":370.5,"bottom":31.5,"right":411.5,"top":87.5}},{"unicode":122,"advance":0.5390625,"planeBounds":{"left":-0.01171875,"bottom":-0.08056640625,"right":0.55078125,"top":0.60693359375},"atlasBounds":{"left":535.5,"bottom":331.5,"right":571.5,"top":375.5}},{"unicode":123,"advance":0.3818359375,"planeBounds":{"left":-0.04345703125,"bottom":-0.230712890625,"right":0.42529296875,"top":0.816162109375},"atlasBounds":{"left":573.5,"bottom":560.5,"right":603.5,"top":627.5}},{"unicode":124,"advance":0.3330078125,"planeBounds":{"left":0.04931640625,"bottom":-0.230712890625,"right":0.28369140625,"top":0.816162109375},"atlasBounds":{"left":208.5,"bottom":1.5,"right":223.5,"top":68.5}},{"unicode":125,"advance":0.3818359375,"planeBounds":{"left":-0.04345703125,"bottom":-0.230712890625,"right":0.42529296875,"top":0.816162109375},"atlasBounds":{"left":573.5,"bottom":492.5,"right":603.5,"top":559.5}},{"unicode":126,"advance":0.5869140625,"planeBounds":{"left":-0.034667931073977643,"bottom":0.16552734375,"right":0.6215820689260223,"top":0.52490234375},"atlasBounds":{"left":326.5,"bottom":315.5,"right":368.5,"top":338.5}},{"unicode":1025,"advance":0.60546875,"planeBounds":{"left":0.01611328125,"bottom":-0.079833984375,"right":0.60986328125,"top":0.967041015625},"atlasBounds":{"left":496.5,"bottom":296.5,"right":534.5,"top":363.5}},{"unicode":1040,"advance":0.68359375,"planeBounds":{"left":-0.041015625,"bottom":-0.085205078125,"right":0.724609375,"top":0.789794921875},"atlasBounds":{"left":130.5,"bottom":46.5,"right":179.5,"top":102.5}},{"unicode":1041,"advance":0.63525390625,"planeBounds":{"left":0.015380859375,"bottom":-0.085205078125,"right":0.656005859375,"top":0.789794921875},"atlasBounds":{"left":413.5,"bottom":396.5,"right":454.5,"top":452.5}},{"unicode":1042,"advance":0.6669921875,"planeBounds":{"left":0.015625,"bottom":-0.085205078125,"right":0.6875,"top":0.789794921875},"atlasBounds":{"left":326.5,"bottom":339.5,"right":369.5,"top":395.5}},{"unicode":1043,"advance":0.56640625,"planeBounds":{"left":0.0146484375,"bottom":-0.085205078125,"right":0.5927734375,"top":0.789794921875},"atlasBounds":{"left":535.5,"bottom":434.5,"right":572.5,"top":490.5}},{"unicode":1044,"advance":0.732421875,"planeBounds":{"left":-0.06298828125,"bottom":-0.21728515625,"right":0.78076171875,"top":0.78271484375},"atlasBounds":{"left":73.5,"bottom":346.5,"right":127.5,"top":410.5}},{"unicode":1045,"advance":0.60546875,"planeBounds":{"left":0.01611328125,"bottom":-0.085205078125,"right":0.60986328125,"top":0.789794921875},"atlasBounds":{"left":455.5,"bottom":165.5,"right":493.5,"top":221.5}},{"unicode":1046,"advance":1.02001953125,"planeBounds":{"left":-0.052490234375,"bottom":-0.085205078125,"right":1.072509765625,"top":0.789794921875},"atlasBounds":{"left":0.5,"bottom":571.5,"right":72.5,"top":627.5}},{"unicode":1047,"advance":0.61328125,"planeBounds":{"left":-0.03173828125,"bottom":-0.100830078125,"right":0.64013671875,"top":0.805419921875},"atlasBounds":{"left":280.5,"bottom":69.5,"right":323.5,"top":127.5}},{"unicode":1048,"advance":0.751953125,"planeBounds":{"left":0.0166015625,"bottom":-0.085205078125,"right":0.7353515625,"top":0.789794921875},"atlasBounds":{"left":233.5,"bottom":399.5,"right":279.5,"top":455.5}},{"unicode":1049,"advance":0.751953125,"planeBounds":{"left":0.0166015625,"bottom":-0.08154296875,"right":0.7353515625,"top":0.99658203125},"atlasBounds":{"left":233.5,"bottom":329.5,"right":279.5,"top":398.5}},{"unicode":1050,"advance":0.6708984375,"planeBounds":{"left":0.0146484375,"bottom":-0.085205078125,"right":0.7177734375,"top":0.789794921875},"atlasBounds":{"left":280.5,"bottom":571.5,"right":325.5,"top":627.5}},{"unicode":1051,"advance":0.69580078125,"planeBounds":{"left":-0.064697265625,"bottom":-0.08740234375,"right":0.685302734375,"top":0.78759765625},"atlasBounds":{"left":183.5,"bottom":294.5,"right":231.5,"top":350.5}},{"unicode":1052,"advance":0.8837890625,"planeBounds":{"left":0.01220703125,"bottom":-0.085205078125,"right":0.87158203125,"top":0.789794921875},"atlasBounds":{"left":73.5,"bottom":411.5,"right":128.5,"top":467.5}},{"unicode":1053,"advance":0.751953125,"planeBounds":{"left":0.0166015625,"bottom":-0.085205078125,"right":0.7353515625,"top":0.789794921875},"atlasBounds":{"left":233.5,"bottom":215.5,"right":279.5,"top":271.5}},{"unicode":1054,"advance":0.78076171875,"planeBounds":{"left":-0.015869140625,"bottom":-0.100830078125,"right":0.796630859375,"top":0.805419921875},"atlasBounds":{"left":73.5,"bottom":5.5,"right":125.5,"top":63.5}},{"unicode":1055,"advance":0.74169921875,"planeBounds":{"left":0.011474609375,"bottom":-0.085205078125,"right":0.730224609375,"top":0.789794921875},"atlasBounds":{"left":233.5,"bottom":272.5,"right":279.5,"top":328.5}},{"unicode":1056,"advance":0.64501953125,"planeBounds":{"left":0.012451171875,"bottom":-0.085205078125,"right":0.668701171875,"top":0.789794921875},"atlasBounds":{"left":326.5,"bottom":169.5,"right":368.5,"top":225.5}},{"unicode":1057,"advance":0.7255859375,"planeBounds":{"left":-0.017578125,"bottom":-0.100830078125,"right":0.748046875,"top":0.805419921875},"atlasBounds":{"left":183.5,"bottom":569.5,"right":232.5,"top":627.5}},{"unicode":1058,"advance":0.6435546875,"planeBounds":{"left":-0.02978515625,"bottom":-0.085205078125,"right":0.67333984375,"top":0.789794921875},"atlasBounds":{"left":280.5,"bottom":514.5,"right":325.5,"top":570.5}},{"unicode":1059,"advance":0.6435546875,"planeBounds":{"left":-0.04541015625,"bottom":-0.087646484375,"right":0.68896484375,"top":0.787353515625},"atlasBounds":{"left":183.5,"bottom":69.5,"right":230.5,"top":125.5}},{"unicode":1060,"advance":0.830078125,"planeBounds":{"left":-0.022705078125,"bottom":-0.093017578125,"right":0.852294921875,"top":0.797607421875},"atlasBounds":{"left":73.5,"bottom":525.5,"right":129.5,"top":582.5}},{"unicode":1061,"advance":0.6884765625,"planeBounds":{"left":-0.03076171875,"bottom":-0.085205078125,"right":0.71923828125,"top":0.789794921875},"atlasBounds":{"left":183.5,"bottom":237.5,"right":231.5,"top":293.5}},{"unicode":1062,"advance":0.76953125,"planeBounds":{"left":0.0166015625,"bottom":-0.21728515625,"right":0.8134765625,"top":0.78271484375},"atlasBounds":{"left":130.5,"bottom":460.5,"right":181.5,"top":524.5}},{"unicode":1063,"advance":0.693359375,"planeBounds":{"left":-0.01953125,"bottom":-0.085205078125,"right":0.68359375,"top":0.789794921875},"atlasBounds":{"left":233.5,"bottom":113.5,"right":278.5,"top":169.5}},{"unicode":1064,"advance":0.962890625,"planeBounds":{"left":0.0126953125,"bottom":-0.085205078125,"right":0.9501953125,"top":0.789794921875},"atlasBounds":{"left":0.5,"bottom":269.5,"right":60.5,"top":325.5}},{"unicode":1065,"advance":0.990234375,"planeBounds":{"left":0.009765625,"bottom":-0.21728515625,"right":1.041015625,"top":0.78271484375},"atlasBounds":{"left":0.5,"bottom":449.5,"right":66.5,"top":513.5}},{"unicode":1066,"advance":0.75244140625,"planeBounds":{"left":-0.031494140625,"bottom":-0.085205078125,"right":0.781005859375,"top":0.789794921875},"atlasBounds":{"left":130.5,"bottom":525.5,"right":182.5,"top":581.5}},{"unicode":1067,"advance":0.86328125,"planeBounds":{"left":0.009765625,"bottom":-0.085205078125,"right":0.853515625,"top":0.789794921875},"atlasBounds":{"left":73.5,"bottom":289.5,"right":127.5,"top":345.5}},{"unicode":1068,"advance":0.64013671875,"planeBounds":{"left":0.010009765625,"bottom":-0.085205078125,"right":0.666259765625,"top":0.789794921875},"atlasBounds":{"left":370.5,"bottom":514.5,"right":412.5,"top":570.5}},{"unicode":1069,"advance":0.7216796875,"planeBounds":{"left":-0.03125,"bottom":-0.100830078125,"right":0.734375,"top":0.805419921875},"atlasBounds":{"left":183.5,"bottom":510.5,"right":232.5,"top":568.5}},{"unicode":1070,"advance":1.01513671875,"planeBounds":{"left":0.013427734375,"bottom":-0.100830078125,"right":1.029052734375,"top":0.805419921875},"atlasBounds":{"left":0.5,"bottom":390.5,"right":65.5,"top":448.5}},{"unicode":1071,"advance":0.671875,"planeBounds":{"left":-0.0283203125,"bottom":-0.085205078125,"right":0.6591796875,"top":0.789794921875},"atlasBounds":{"left":280.5,"bottom":284.5,"right":324.5,"top":340.5}},{"unicode":1072,"advance":0.5615234375,"planeBounds":{"left":-0.0302734375,"bottom":-0.08837890625,"right":0.5634765625,"top":0.61474609375},"atlasBounds":{"left":455.5,"bottom":267.5,"right":493.5,"top":312.5}},{"unicode":1073,"advance":0.60546875,"planeBounds":{"left":-0.025390625,"bottom":-0.088623046875,"right":0.630859375,"top":0.817626953125},"atlasBounds":{"left":370.5,"bottom":455.5,"right":412.5,"top":513.5}},{"unicode":1074,"advance":0.5478515625,"planeBounds":{"left":0.00439453125,"bottom":-0.08056640625,"right":0.56689453125,"top":0.60693359375},"atlasBounds":{"left":535.5,"bottom":286.5,"right":571.5,"top":330.5}},{"unicode":1075,"advance":0.46435546875,"planeBounds":{"left":0.001953125,"bottom":-0.08056640625,"right":0.501953125,"top":0.60693359375},"atlasBounds":{"left":535.5,"bottom":161.5,"right":567.5,"top":205.5}},{"unicode":1076,"advance":0.61328125,"planeBounds":{"left":-0.065673828125,"bottom":-0.220458984375,"right":0.668701171875,"top":0.607666015625},"atlasBounds":{"left":183.5,"bottom":183.5,"right":230.5,"top":236.5}},{"unicode":1077,"advance":0.5810546875,"planeBounds":{"left":-0.02197265625,"bottom":-0.08837890625,"right":0.60302734375,"top":0.61474609375},"atlasBounds":{"left":130.5,"bottom":0.5,"right":170.5,"top":45.5}},{"unicode":1078,"advance":0.80029296875,"planeBounds":{"left":-0.045166015625,"bottom":-0.08056640625,"right":0.845458984375,"top":0.60693359375},"atlasBounds":{"left":0.5,"bottom":224.5,"right":57.5,"top":268.5}},{"unicode":1079,"advance":0.52685546875,"planeBounds":{"left":-0.02734375,"bottom":-0.088134765625,"right":0.55078125,"top":0.614990234375},"atlasBounds":{"left":535.5,"bottom":537.5,"right":572.5,"top":582.5}},{"unicode":1080,"advance":0.60498046875,"planeBounds":{"left":-0.002197265625,"bottom":-0.08056640625,"right":0.607177734375,"top":0.60693359375},"atlasBounds":{"left":455.5,"bottom":372.5,"right":494.5,"top":416.5}},{"unicode":1081,"advance":0.60498046875,"planeBounds":{"left":-0.002197265625,"bottom":-0.0810546875,"right":0.607177734375,"top":0.8408203125},"atlasBounds":{"left":455.5,"bottom":417.5,"right":494.5,"top":476.5}},{"unicode":1082,"advance":0.54345703125,"planeBounds":{"left":0,"bottom":-0.08056640625,"right":0.59375,"top":0.60693359375},"atlasBounds":{"left":496.5,"bottom":537.5,"right":534.5,"top":581.5}},{"unicode":1083,"advance":0.578125,"planeBounds":{"left":-0.060791015625,"bottom":-0.082763671875,"right":0.579833984375,"top":0.604736328125},"atlasBounds":{"left":370.5,"bottom":204.5,"right":411.5,"top":248.5}},{"unicode":1084,"advance":0.75244140625,"planeBounds":{"left":0.001220703125,"bottom":-0.08056640625,"right":0.751220703125,"top":0.60693359375},"atlasBounds":{"left":183.5,"bottom":465.5,"right":231.5,"top":509.5}},{"unicode":1085,"advance":0.59765625,"planeBounds":{"left":0.001953125,"bottom":-0.08056640625,"right":0.595703125,"top":0.60693359375},"atlasBounds":{"left":455.5,"bottom":222.5,"right":493.5,"top":266.5}},{"unicode":1086,"advance":0.6005859375,"planeBounds":{"left":-0.02783203125,"bottom":-0.08837890625,"right":0.62841796875,"top":0.61474609375},"atlasBounds":{"left":326.5,"bottom":269.5,"right":368.5,"top":314.5}},{"unicode":1087,"advance":0.5927734375,"planeBounds":{"left":-0.00048828125,"bottom":-0.08056640625,"right":0.59326171875,"top":0.60693359375},"atlasBounds":{"left":455.5,"bottom":17.5,"right":493.5,"top":61.5}},{"unicode":1088,"advance":0.61865234375,"planeBounds":{"left":0.001953125,"bottom":-0.257568359375,"right":0.642578125,"top":0.617431640625},"atlasBounds":{"left":413.5,"bottom":339.5,"right":454.5,"top":395.5}},{"unicode":1089,"advance":0.5693359375,"planeBounds":{"left":-0.02392578125,"bottom":-0.08837890625,"right":0.60107421875,"top":0.61474609375},"atlasBounds":{"left":455.5,"bottom":477.5,"right":495.5,"top":522.5}},{"unicode":1090,"advance":0.50390625,"planeBounds":{"left":-0.044921875,"bottom":-0.08056640625,"right":0.548828125,"top":0.60693359375},"atlasBounds":{"left":496.5,"bottom":157.5,"right":534.5,"top":201.5}},{"unicode":1091,"advance":0.552734375,"planeBounds":{"left":-0.0439453125,"bottom":-0.26953125,"right":0.5966796875,"top":0.60546875},"atlasBounds":{"left":413.5,"bottom":453.5,"right":454.5,"top":509.5}},{"unicode":1092,"advance":0.73974609375,"planeBounds":{"left":-0.020751953125,"bottom":-0.259033203125,"right":0.760498046875,"top":0.787841796875},"atlasBounds":{"left":130.5,"bottom":333.5,"right":180.5,"top":400.5}},{"unicode":1093,"advance":0.53515625,"planeBounds":{"left":-0.044921875,"bottom":-0.08056640625,"right":0.580078125,"top":0.60693359375},"atlasBounds":{"left":455.5,"bottom":538.5,"right":495.5,"top":582.5}},{"unicode":1094,"advance":0.615234375,"planeBounds":{"left":0,"bottom":-0.220458984375,"right":0.671875,"top":0.607666015625},"atlasBounds":{"left":280.5,"bottom":128.5,"right":323.5,"top":181.5}},{"unicode":1095,"advance":0.568359375,"planeBounds":{"left":-0.009765625,"bottom":-0.08056640625,"right":0.568359375,"top":0.60693359375},"atlasBounds":{"left":535.5,"bottom":583.5,"right":572.5,"top":627.5}},{"unicode":1096,"advance":0.8173828125,"planeBounds":{"left":0.00244140625,"bottom":-0.08056640625,"right":0.81494140625,"top":0.60693359375},"atlasBounds":{"left":73.5,"bottom":244.5,"right":125.5,"top":288.5}},{"unicode":1097,"advance":0.8447265625,"planeBounds":{"left":0.00537109375,"bottom":-0.220458984375,"right":0.89599609375,"top":0.607666015625},"atlasBounds":{"left":0.5,"bottom":170.5,"right":57.5,"top":223.5}},{"unicode":1098,"advance":0.61376953125,"planeBounds":{"left":-0.041015625,"bottom":-0.08056640625,"right":0.646484375,"top":0.60693359375},"atlasBounds":{"left":280.5,"bottom":182.5,"right":324.5,"top":226.5}},{"unicode":1099,"advance":0.71142578125,"planeBounds":{"left":0.004150390625,"bottom":-0.08056640625,"right":0.707275390625,"top":0.60693359375},"atlasBounds":{"left":233.5,"bottom":170.5,"right":278.5,"top":214.5}},{"unicode":1100,"advance":0.5166015625,"planeBounds":{"left":0.0029296875,"bottom":-0.08056640625,"right":0.5498046875,"top":0.60693359375},"atlasBounds":{"left":535.5,"bottom":241.5,"right":570.5,"top":285.5}},{"unicode":1101,"advance":0.5771484375,"planeBounds":{"left":-0.02587890625,"bottom":-0.088134765625,"right":0.59912109375,"top":0.614990234375},"atlasBounds":{"left":413.5,"bottom":74.5,"right":453.5,"top":119.5}},{"unicode":1102,"advance":0.7958984375,"planeBounds":{"left":0.004638671875,"bottom":-0.08837890625,"right":0.817138671875,"top":0.61474609375},"atlasBounds":{"left":130.5,"bottom":582.5,"right":182.5,"top":627.5}},{"unicode":1103,"advance":0.53125,"planeBounds":{"left":-0.045654296875,"bottom":-0.08056640625,"right":0.532470703125,"top":0.60693359375},"atlasBounds":{"left":496.5,"bottom":64.5,"right":533.5,"top":108.5}},{"unicode":1105,"advance":0.5810546875,"planeBounds":{"left":-0.02197265625,"bottom":-0.091064453125,"right":0.60302734375,"top":0.799560546875},"atlasBounds":{"left":413.5,"bottom":120.5,"right":453.5,"top":177.5}}],"kerning":[]}
